{"stats":{"minecraft:used":{"minecraft:spruce_slab":1,"minecraft:ladder":3,"minecraft:chest":35,"minecraft:stone":155,"minecraft:rotten_flesh":21,"minecraft:soul_sand":5,"minecraft:spruce_boat":11,"minecraft:lava_bucket":14,"minecraft:bow":492,"minecraft:sweet_berries":27,"minecraft:ominous_bottle":1,"minecraft:oak_sapling":23,"minecraft:furnace":12,"minecraft:egg":7,"minecraft:potato":150,"minecraft:diorite":18,"minecraft:damaged_anvil":1,"minecraft:powered_rail":14,"minecraft:blackstone":2,"minecraft:wooden_pickaxe":17,"minecraft:composter":4,"minecraft:golden_apple":3,"minecraft:stone_button":30,"minecraft:lectern":510,"minecraft:diamond_sword":2512,"minecraft:smithing_table":6,"minecraft:oak_boat":10,"minecraft:oak_trapdoor":2,"minecraft:armor_stand":1,"minecraft:cooked_salmon":43,"minecraft:trial_key":20,"minecraft:netherrack":80,"minecraft:torch":288,"minecraft:anvil":1,"minecraft:iron_block":1,"minecraft:iron_axe":867,"minecraft:spruce_button":7,"minecraft:barrel":4,"minecraft:basalt":273,"minecraft:acacia_planks":26,"minecraft:cobbled_deepslate":158,"minecraft:pointed_dripstone":30,"minecraft:wheat_seeds":5,"minecraft:water_bucket":47,"minecraft:cartography_table":1,"minecraft:cauldron":15,"minecraft:fletching_table":2,"minecraft:deepslate_bricks":21,"minecraft:rail":27,"minecraft:comparator":2,"minecraft:crafting_table":18,"minecraft:white_bed":25,"minecraft:spruce_log":19,"minecraft:oak_log":11,"minecraft:diamond_pickaxe":3438,"minecraft:oxeye_daisy":1,"minecraft:ominous_trial_key":10,"minecraft:diamond_shovel":10628,"minecraft:wind_charge":42,"minecraft:iron_pickaxe":593,"minecraft:leather_helmet":1,"minecraft:spruce_trapdoor":10,"minecraft:spruce_sapling":141,"minecraft:cobblestone":655,"minecraft:potion":3,"minecraft:porkchop":2,"minecraft:glass_pane":5,"minecraft:diamond_leggings":1,"minecraft:iron_shovel":506,"minecraft:bone_block":2,"minecraft:decorated_pot":3,"minecraft:shield":291,"minecraft:iron_sword":602,"minecraft:nether_wart":20,"minecraft:nether_bricks":1,"minecraft:carrot":240,"minecraft:obsidian":32,"minecraft:honey_bottle":4,"minecraft:waxed_oxidized_copper":1,"minecraft:waxed_oxidized_copper_grate":3,"minecraft:warped_nylium":2,"minecraft:hopper_minecart":1,"minecraft:stone_bricks":265,"minecraft:deepslate_diamond_ore":3,"minecraft:repeater":2,"minecraft:stone_pickaxe":77,"minecraft:oak_planks":59,"minecraft:redstone_block":2,"minecraft:diamond_axe":3010,"minecraft:blue_bed":6,"minecraft:white_wool":2,"minecraft:deepslate_redstone_ore":35,"minecraft:crossbow":1,"minecraft:lingering_potion":5,"minecraft:dripstone_block":14,"minecraft:redstone_torch":6,"minecraft:lever":8,"minecraft:mace":17,"minecraft:bread":69,"minecraft:deepslate":25,"minecraft:gravel":19,"minecraft:grindstone":1,"minecraft:andesite":23,"minecraft:chest_minecart":2,"minecraft:bone_meal":422,"minecraft:oak_fence":1,"minecraft:flint_and_steel":36,"minecraft:redstone":4,"minecraft:spruce_planks":94,"minecraft:deepslate_gold_ore":16,"minecraft:cooked_chicken":4,"minecraft:oak_door":16,"minecraft:dirt":7421,"minecraft:hopper":29,"minecraft:spruce_stairs":6,"minecraft:golden_chestplate":1,"minecraft:granite":27,"minecraft:iron_hoe":28,"minecraft:stone_brick_slab":29,"minecraft:wooden_axe":14,"minecraft:bookshelf":11,"minecraft:golden_carrot":36,"minecraft:cooked_beef":19,"minecraft:iron_leggings":1,"minecraft:cooked_mutton":12,"minecraft:acacia_boat":1,"minecraft:glass_bottle":3,"minecraft:baked_potato":507,"minecraft:spruce_sign":10,"minecraft:stonecutter":4,"minecraft:waxed_copper_block":9,"minecraft:glow_item_frame":3,"minecraft:spider_eye":1,"minecraft:warped_planks":8,"minecraft:wooden_hoe":17,"minecraft:stone_slab":59,"minecraft:stone_axe":54,"minecraft:bucket":68,"minecraft:yellow_bed":4,"minecraft:smooth_stone":23},"minecraft:custom":{"minecraft:interact_with_crafting_table":391,"minecraft:open_barrel":8,"minecraft:bell_ring":14,"minecraft:leave_game":102,"minecraft:time_since_death":39240,"minecraft:damage_blocked_by_shield":11444,"minecraft:play_time":2186031,"minecraft:deaths":3,"minecraft:jump":47272,"minecraft:interact_with_furnace":162,"minecraft:traded_with_villager":270,"minecraft:interact_with_cartography_table":3,"minecraft:sleep_in_bed":100,"minecraft:damage_dealt":130172,"minecraft:interact_with_smoker":115,"minecraft:use_cauldron":4,"minecraft:inspect_dispenser":22,"minecraft:interact_with_smithing_table":8,"minecraft:interact_with_anvil":66,"minecraft:inspect_hopper":10,"minecraft:sneak_time":165569,"minecraft:interact_with_blast_furnace":59,"minecraft:total_world_time":2186031,"minecraft:interact_with_stonecutter":17,"minecraft:time_since_rest":438,"minecraft:swim_one_cm":383250,"minecraft:fly_one_cm":9970962,"minecraft:open_chest":1716,"minecraft:fall_one_cm":1160110,"minecraft:sprint_one_cm":5361470,"minecraft:drop":647,"minecraft:talked_to_villager":1217,"minecraft:interact_with_brewingstand":14,"minecraft:walk_on_water_one_cm":307335,"minecraft:player_kills":3,"minecraft:crouch_one_cm":539287,"minecraft:mob_kills":831,"minecraft:climb_one_cm":46854,"minecraft:walk_one_cm":4660082,"minecraft:raid_win":3,"minecraft:walk_under_water_one_cm":160634,"minecraft:boat_one_cm":383248,"minecraft:interact_with_grindstone":6,"minecraft:damage_taken":27210,"minecraft:damage_absorbed":92},"minecraft:broken":{"minecraft:diamond_helmet":1,"minecraft:iron_leggings":1,"minecraft:diamond_shovel":1,"minecraft:iron_sword":1,"minecraft:bow":1,"minecraft:shield":3,"minecraft:iron_axe":2,"minecraft:iron_pickaxe":1,"minecraft:iron_helmet":2,"minecraft:iron_shovel":2,"minecraft:stone_pickaxe":1,"minecraft:diamond_sword":1},"minecraft:mined":{"minecraft:white_bed":13,"minecraft:obsidian":46,"minecraft:granite":44,"minecraft:acacia_log":38,"minecraft:yellow_carpet":4,"minecraft:oak_pressure_plate":1,"minecraft:deepslate_bricks":7,"minecraft:chiseled_tuff_bricks":13,"minecraft:hopper":5,"minecraft:nether_wart":30,"minecraft:oxeye_daisy":1,"minecraft:spawner":1,"minecraft:cobbled_deepslate":14,"minecraft:fire":45,"minecraft:barrel":1,"minecraft:pumpkin":14,"minecraft:deepslate_lapis_ore":7,"minecraft:enchanting_table":1,"minecraft:water_cauldron":4,"minecraft:dirt_path":184,"minecraft:oak_stairs":208,"minecraft:small_amethyst_bud":2,"minecraft:iron_block":1,"minecraft:brown_mushroom":11,"minecraft:kelp_plant":2,"minecraft:smoker":6,"minecraft:amethyst_cluster":9,"minecraft:powder_snow":39,"minecraft:torch":9,"minecraft:blast_furnace":7,"minecraft:dead_bush":1,"minecraft:sugar_cane":36,"minecraft:damaged_anvil":1,"minecraft:spruce_sign":1,"minecraft:amethyst_block":4,"minecraft:white_terracotta":19,"minecraft:mud":1,"minecraft:wheat":9,"minecraft:waxed_copper_block":12,"minecraft:smooth_basalt":2,"minecraft:stonecutter":3,"minecraft:deepslate":312,"minecraft:mossy_cobblestone":11,"minecraft:waxed_oxidized_chiseled_copper":2,"minecraft:nether_bricks":7,"minecraft:redstone_wire":3,"minecraft:cartography_table":3,"minecraft:red_mushroom":1,"minecraft:kelp":11,"minecraft:redstone_ore":15,"minecraft:waxed_oxidized_cut_copper":3,"minecraft:waxed_copper_grate":5,"minecraft:andesite":80,"minecraft:potatoes":165,"minecraft:rail":2,"minecraft:warped_stem":6,"minecraft:bone_block":8,"minecraft:white_wool":8,"minecraft:smithing_table":6,"minecraft:oak_slab":30,"minecraft:glass_pane":18,"minecraft:comparator":1,"minecraft:soul_sand":172,"minecraft:stone_brick_slab":23,"minecraft:dandelion":23,"minecraft:cornflower":4,"minecraft:short_grass":1234,"minecraft:spruce_button":3,"minecraft:tall_grass":166,"minecraft:copper_ore":13,"minecraft:deepslate_gold_ore":139,"minecraft:diorite":42,"minecraft:purple_bed":1,"minecraft:white_carpet":4,"minecraft:spruce_log":1902,"minecraft:gravel":64,"minecraft:dripstone_block":31,"minecraft:cobweb":26,"minecraft:acacia_planks":7,"minecraft:stone_bricks":164,"minecraft:gold_ore":19,"minecraft:waxed_cut_copper_slab":1,"minecraft:large_amethyst_bud":8,"minecraft:spruce_planks":22,"minecraft:oak_sapling":17,"minecraft:farmland":18,"minecraft:cobblestone_stairs":4,"minecraft:spruce_trapdoor":7,"minecraft:budding_amethyst":1,"minecraft:grass_block":4551,"minecraft:soul_soil":1,"minecraft:composter":3,"minecraft:tuff_bricks":152,"minecraft:smooth_stone":1,"minecraft:glowstone":6,"minecraft:iron_ore":204,"minecraft:polished_tuff":6,"minecraft:azure_bluet":4,"minecraft:pointed_dripstone":30,"minecraft:spruce_slab":1,"minecraft:waxed_cut_copper":1,"minecraft:deepslate_redstone_ore":130,"minecraft:blackstone":2,"minecraft:medium_amethyst_bud":6,"minecraft:calcite":2,"minecraft:poppy":3,"minecraft:chest":11,"minecraft:nether_quartz_ore":32,"minecraft:cobblestone":225,"minecraft:grindstone":1,"minecraft:oak_planks":155,"minecraft:waxed_chiseled_copper":1,"minecraft:wall_torch":15,"minecraft:cauldron":1,"minecraft:seagrass":6,"minecraft:warped_nylium":1,"minecraft:powered_rail":4,"minecraft:yellow_wool":6,"minecraft:oak_log":173,"minecraft:waxed_oxidized_copper":14,"minecraft:sand":161,"minecraft:dirt":5254,"minecraft:netherrack":96,"minecraft:oak_leaves":74,"minecraft:nether_gold_ore":31,"minecraft:tuff":20,"minecraft:deepslate_diamond_ore":54,"minecraft:oak_door":10,"minecraft:mangrove_roots":1,"minecraft:glow_lichen":1,"minecraft:lever":6,"minecraft:decorated_pot":45,"minecraft:spruce_leaves":58,"minecraft:sandstone":27,"minecraft:hay_block":10,"minecraft:spruce_sapling":19,"minecraft:furnace":2,"minecraft:carrots":156,"minecraft:stripped_spruce_log":2,"minecraft:gold_block":1,"minecraft:nether_brick_fence":2,"minecraft:bookshelf":20,"minecraft:deepslate_iron_ore":24,"minecraft:stripped_oak_log":10,"minecraft:stone":1376,"minecraft:podzol":341,"minecraft:acacia_leaves":9,"minecraft:basalt":319,"minecraft:oak_fence":47,"minecraft:crafting_table":11,"minecraft:lectern":497,"minecraft:lapis_ore":6,"minecraft:blue_bed":6,"minecraft:spruce_stairs":2,"minecraft:cactus":1,"minecraft:waxed_oxidized_copper_grate":11,"minecraft:redstone_torch":2,"minecraft:sweet_berry_bush":11,"minecraft:bee_nest":2,"minecraft:yellow_bed":7,"minecraft:muddy_mangrove_roots":3,"minecraft:coal_ore":156,"minecraft:flower_pot":2},"minecraft:crafted":{"minecraft:blaze_powder":50,"minecraft:lever":2,"minecraft:diamond_shovel":3,"minecraft:bookshelf":14,"minecraft:cooked_mutton":16,"minecraft:mace":1,"minecraft:repeater":1,"minecraft:diamond_helmet":5,"minecraft:diamond_leggings":4,"minecraft:emerald":351,"minecraft:cooked_porkchop":8,"minecraft:diamond_axe":1,"minecraft:glow_item_frame":1,"minecraft:chest_minecart":2,"minecraft:lectern":4,"minecraft:wooden_hoe":1,"minecraft:iron_pickaxe":3,"minecraft:iron_block":41,"minecraft:gold_ingot":500,"minecraft:composter":1,"minecraft:golden_carrot":30,"minecraft:wind_charge":12,"minecraft:bone_meal":554,"minecraft:diamond":90,"minecraft:spruce_stairs":4,"minecraft:ladder":3,"minecraft:spruce_slab":42,"minecraft:stone_pickaxe":1,"minecraft:diamond_boots":5,"minecraft:spruce_boat":2,"minecraft:redstone_block":50,"minecraft:lead":2,"minecraft:wheat":63,"minecraft:enchanted_book":21,"minecraft:golden_apple":32,"minecraft:wooden_axe":1,"minecraft:iron_shovel":2,"minecraft:iron_leggings":4,"minecraft:white_bed":10,"minecraft:oak_planks":184,"minecraft:barrel":4,"minecraft:warped_planks":24,"minecraft:hopper":26,"minecraft:iron_boots":2,"minecraft:comparator":1,"minecraft:chest":54,"minecraft:rail":32,"minecraft:oak_slab":12,"minecraft:item_frame":1,"minecraft:cauldron":14,"minecraft:crafting_table":8,"minecraft:spruce_planks":5809,"minecraft:wooden_pickaxe":1,"minecraft:baked_potato":555,"minecraft:iron_helmet":5,"minecraft:gold_block":10,"minecraft:hopper_minecart":1,"minecraft:apple":64,"minecraft:spruce_trapdoor":4,"minecraft:book":2,"minecraft:iron_chestplate":3,"minecraft:paper":9,"minecraft:diamond_pickaxe":2,"minecraft:shield":5,"minecraft:stick":10917,"minecraft:iron_ingot":627,"minecraft:redstone_torch":14,"minecraft:oak_door":18,"minecraft:spruce_button":7,"minecraft:stone_button":33,"minecraft:furnace":12,"minecraft:oak_trapdoor":2,"minecraft:flint_and_steel":2,"minecraft:iron_axe":3,"minecraft:iron_hoe":1,"minecraft:minecart":3,"minecraft:cooked_beef":23,"minecraft:diamond_sword":3,"minecraft:spruce_sign":9,"minecraft:powered_rail":12,"minecraft:iron_sword":3,"minecraft:cooked_salmon":18,"minecraft:bucket":4,"minecraft:air":0,"minecraft:bread":24,"minecraft:acacia_boat":2,"minecraft:oak_boat":2,"minecraft:gold_nugget":243,"minecraft:stonecutter":1,"minecraft:anvil":1,"minecraft:acacia_planks":84,"minecraft:torch":244,"minecraft:diamond_chestplate":4},"minecraft:killed":{"minecraft:cave_spider":11,"minecraft:cod":1,"minecraft:skeleton":199,"minecraft:chicken":7,"minecraft:tropical_fish":1,"minecraft:magma_cube":62,"minecraft:salmon":11,"minecraft:iron_golem":8,"minecraft:pillager":24,"minecraft:zombie":171,"minecraft:glow_squid":7,"minecraft:cow":10,"minecraft:vindicator":4,"minecraft:husk":15,"minecraft:wandering_trader":3,"minecraft:ravager":1,"minecraft:breeze":15,"minecraft:enderman":8,"minecraft:spider":55,"minecraft:bee":2,"minecraft:pig":13,"minecraft:zombie_villager":6,"minecraft:creeper":20,"minecraft:sheep":16,"minecraft:trader_llama":6,"minecraft:stray":29,"minecraft:blaze":48,"minecraft:slime":17,"minecraft:drowned":3,"minecraft:wither_skeleton":12,"minecraft:villager":6},"minecraft:dropped":{"minecraft:iron_sword":1,"minecraft:piston":2,"minecraft:porkchop":2,"minecraft:ominous_bottle":1,"minecraft:lapis_lazuli":162,"minecraft:cooked_beef":3,"minecraft:glass_bottle":6,"minecraft:crafting_table":2,"minecraft:crossbow":2,"minecraft:fletching_table":1,"minecraft:leather_helmet":3,"minecraft:red_mushroom":3,"minecraft:emerald":6,"minecraft:dirt":419,"minecraft:scrape_pottery_sherd":1,"minecraft:sand":6,"minecraft:iron_pickaxe":3,"minecraft:white_wool":8,"minecraft:bone":8,"minecraft:oak_door":13,"minecraft:stone_axe":1,"minecraft:sugar_cane":3,"minecraft:cobbled_deepslate":41,"minecraft:rotten_flesh":12,"minecraft:oak_planks":98,"minecraft:waxed_copper_block":3,"minecraft:wind_charge":20,"minecraft:tipped_arrow":7,"minecraft:coal_ore":15,"minecraft:hopper":1,"minecraft:breeze_rod":2,"minecraft:spruce_slab":8,"minecraft:cartography_table":1,"minecraft:lectern":1,"minecraft:egg":2,"minecraft:enchanted_book":6,"minecraft:iron_ingot":6,"minecraft:wheat_seeds":120,"minecraft:dripstone_block":8,"minecraft:iron_helmet":6,"minecraft:feather":6,"minecraft:cobblestone":17,"minecraft:waxed_copper_grate":2,"minecraft:granite":10,"minecraft:spruce_button":4,"minecraft:yellow_carpet":1,"minecraft:coal":24,"minecraft:golden_apple":7,"minecraft:diamond_helmet":1,"minecraft:armadillo_scute":5,"minecraft:pumpkin":12,"minecraft:iron_shovel":2,"minecraft:string":55,"minecraft:spruce_sapling":4,"minecraft:soul_soil":1,"minecraft:deepslate":34,"minecraft:chicken":2,"minecraft:white_carpet":3,"minecraft:iron_boots":2,"minecraft:name_tag":4,"minecraft:shears":1,"minecraft:potato":129,"minecraft:hay_block":4,"minecraft:stone":102,"minecraft:spruce_trapdoor":4,"minecraft:spruce_planks":136,"minecraft:diamond_pickaxe":2,"minecraft:yellow_bed":1,"minecraft:spider_eye":6,"minecraft:stone_bricks":163,"minecraft:bow":10,"minecraft:black_wool":1,"minecraft:guster_pottery_sherd":8,"minecraft:brown_mushroom":21,"minecraft:diamond_axe":1,"minecraft:oak_log":1,"minecraft:baked_potato":165,"minecraft:decorated_pot":5,"minecraft:leather":1,"minecraft:flint":5,"minecraft:waxed_oxidized_chiseled_copper":2,"minecraft:cornflower":6,"minecraft:mutton":4,"minecraft:music_disc_precipice":1,"minecraft:cauldron":2,"minecraft:armor_stand":1,"minecraft:gravel":19,"minecraft:chiseled_tuff_bricks":2,"minecraft:yellow_wool":10,"minecraft:pointed_dripstone":3,"minecraft:honey_bottle":4,"minecraft:carrot":41,"minecraft:music_disc_creator":1,"minecraft:poppy":6,"minecraft:gunpowder":8,"minecraft:arrow":32,"minecraft:water_bucket":1,"minecraft:stripped_spruce_log":2,"minecraft:golden_helmet":1,"minecraft:diamond_leggings":1,"minecraft:poisonous_potato":2,"minecraft:polished_tuff":5,"minecraft:amethyst_block":2,"minecraft:ominous_trial_key":2,"minecraft:stick":5254,"minecraft:torch":28,"minecraft:iron_leggings":7,"minecraft:iron_axe":3,"minecraft:flow_banner_pattern":1,"minecraft:bucket":1,"minecraft:dandelion":8,"minecraft:redstone":8,"minecraft:kelp":2,"minecraft:tuff_bricks":13,"minecraft:raw_copper":24,"minecraft:guster_banner_pattern":4,"minecraft:light_gray_wool":2,"minecraft:shield":2,"minecraft:trial_key":5,"minecraft:diamond_chestplate":1,"minecraft:iron_chestplate":5,"minecraft:andesite":78,"minecraft:golden_leggings":2,"minecraft:oak_boat":3,"minecraft:diamond_boots":1,"minecraft:stone_pickaxe":1,"minecraft:waxed_oxidized_copper_grate":3,"minecraft:brick":29},"minecraft:picked_up":{"minecraft:iron_chestplate":5,"minecraft:lead":18,"minecraft:smithing_table":6,"minecraft:stone_slab":1,"minecraft:oak_stairs":120,"minecraft:enchanted_book":9,"minecraft:amethyst_block":2,"minecraft:string":85,"minecraft:soul_soil":1,"minecraft:cooked_salmon":25,"minecraft:shroomlight":1,"minecraft:diamond_leggings":2,"minecraft:gold_nugget":55,"minecraft:cobbled_deepslate":225,"minecraft:spruce_planks":445,"minecraft:trial_key":37,"minecraft:enchanted_golden_apple":1,"minecraft:golden_helmet":1,"minecraft:composter":3,"minecraft:acacia_log":38,"minecraft:waxed_copper_grate":2,"minecraft:golden_chestplate":2,"minecraft:cauldron":3,"minecraft:honey_bottle":8,"minecraft:armadillo_scute":6,"minecraft:iron_block":3,"minecraft:glowstone":4,"minecraft:bookshelf":2,"minecraft:white_terracotta":23,"minecraft:blaze_rod":25,"minecraft:feather":9,"minecraft:smoker":6,"minecraft:flint":12,"minecraft:stonecutter":3,"minecraft:guster_banner_pattern":5,"minecraft:stripped_spruce_log":2,"minecraft:barrel":1,"minecraft:deepslate":61,"minecraft:lever":6,"minecraft:deepslate_gold_ore":16,"minecraft:granite":73,"minecraft:spruce_button":5,"minecraft:bread":42,"minecraft:music_disc_precipice":2,"minecraft:ominous_trial_key":19,"minecraft:diamond_pickaxe":4,"minecraft:crafting_table":16,"minecraft:ominous_bottle":12,"minecraft:nether_wart":59,"minecraft:music_disc_creator":1,"minecraft:wind_charge":98,"minecraft:cornflower":10,"minecraft:flow_banner_pattern":1,"minecraft:white_carpet":3,"minecraft:iron_shovel":3,"minecraft:glass_pane":13,"minecraft:cartography_table":3,"minecraft:deepslate_diamond_ore":3,"minecraft:beef":14,"minecraft:spruce_slab":1,"minecraft:poppy":24,"minecraft:guster_pottery_sherd":8,"minecraft:chest":10,"minecraft:piston":2,"minecraft:waxed_oxidized_copper":1,"minecraft:egg":12,"minecraft:stone":650,"minecraft:oak_door":14,"minecraft:glow_item_frame":2,"minecraft:mace":1,"minecraft:carrot":603,"minecraft:redstone":605,"minecraft:waxed_oxidized_chiseled_copper":2,"minecraft:diamond_chestplate":2,"minecraft:decorated_pot":10,"minecraft:deepslate_bricks":7,"minecraft:shears":1,"minecraft:diamond_boots":4,"minecraft:hay_block":11,"minecraft:flow_armor_trim_smithing_template":3,"minecraft:gold_ingot":3,"minecraft:tuff_bricks":16,"minecraft:mutton":23,"minecraft:bone_block":8,"minecraft:white_wool":43,"minecraft:rail":2,"minecraft:oxeye_daisy":1,"minecraft:stripped_oak_log":11,"minecraft:red_mushroom":3,"minecraft:oak_log":134,"minecraft:golden_boots":1,"minecraft:blue_bed":7,"minecraft:white_banner":9,"minecraft:stone_bricks":156,"minecraft:apple":2,"minecraft:kelp":2,"minecraft:warped_stem":6,"minecraft:stone_pickaxe":1,"minecraft:iron_ore":5,"minecraft:glass_bottle":3,"minecraft:iron_sword":1,"minecraft:sweet_berries":28,"minecraft:gravel":62,"minecraft:spruce_sapling":212,"minecraft:spruce_log":1899,"minecraft:polished_tuff":5,"minecraft:leather_helmet":4,"minecraft:diamond_shovel":1,"minecraft:coal_ore":15,"minecraft:slime_ball":16,"minecraft:stone_axe":1,"minecraft:deepslate_redstone_ore":35,"minecraft:baked_potato":135,"minecraft:warped_nylium":2,"minecraft:hopper":4,"minecraft:ender_pearl":3,"minecraft:wheat":9,"minecraft:nether_brick_fence":2,"minecraft:yellow_wool":15,"minecraft:potion":9,"minecraft:raw_copper":92,"minecraft:iron_leggings":6,"minecraft:armor_stand":3,"minecraft:smooth_stone":23,"minecraft:comparator":1,"minecraft:bucket":7,"minecraft:redstone_torch":3,"minecraft:iron_pickaxe":4,"minecraft:iron_boots":2,"minecraft:furnace":2,"minecraft:tipped_arrow":73,"minecraft:stick":2054,"minecraft:oak_fence":37,"minecraft:torch":115,"minecraft:spruce_stairs":2,"minecraft:porkchop":21,"minecraft:pointed_dripstone":70,"minecraft:diorite":52,"minecraft:nether_gold_ore":23,"minecraft:rotten_flesh":177,"minecraft:obsidian":44,"minecraft:cod":1,"minecraft:cobblestone":1158,"minecraft:enchanting_table":1,"minecraft:magma_cream":3,"minecraft:repeater":1,"minecraft:andesite":122,"minecraft:golden_leggings":2,"minecraft:potato":735,"minecraft:tuff":5,"minecraft:wither_skeleton_skull":1,"minecraft:dirt":9147,"minecraft:lapis_lazuli":136,"minecraft:leather_boots":1,"minecraft:bone":227,"minecraft:acacia_planks":10,"minecraft:bow":17,"minecraft:wheat_seeds":285,"minecraft:raw_gold":276,"minecraft:grindstone":1,"minecraft:bolt_armor_trim_smithing_template":1,"minecraft:fletching_table":3,"minecraft:powered_rail":3,"minecraft:scrape_pottery_sherd":2,"minecraft:oak_planks":322,"minecraft:cooked_porkchop":8,"minecraft:poisonous_potato":3,"minecraft:sand":67,"minecraft:grass_block":1,"minecraft:mossy_cobblestone":11,"minecraft:yellow_carpet":1,"minecraft:diamond":118,"minecraft:spruce_boat":11,"minecraft:waxed_oxidized_copper_grate":6,"minecraft:crossbow":8,"minecraft:breeze_rod":14,"minecraft:bone_meal":5,"minecraft:golden_apple":16,"minecraft:emerald":321,"minecraft:oak_sapling":38,"minecraft:netherrack":84,"minecraft:azure_bluet":6,"minecraft:chicken":6,"minecraft:brown_mushroom":21,"minecraft:gold_block":1,"minecraft:brick":39,"minecraft:shield":4,"minecraft:iron_axe":4,"minecraft:blackstone":3,"minecraft:oak_boat":11,"minecraft:light_gray_wool":2,"minecraft:lectern":507,"minecraft:sugar_cane":72,"minecraft:spruce_trapdoor":12,"minecraft:raw_iron":348,"minecraft:stone_button":4,"minecraft:arrow":395,"minecraft:nether_bricks":8,"minecraft:saddle":1,"minecraft:basalt":273,"minecraft:golden_carrot":9,"minecraft:glow_ink_sac":10,"minecraft:salmon":11,"minecraft:leather":17,"minecraft:waxed_copper_block":12,"minecraft:yellow_bed":5,"minecraft:cobblestone_stairs":4,"minecraft:gunpowder":12,"minecraft:iron_ingot":64,"minecraft:cooked_chicken":4,"minecraft:acacia_sapling":4,"minecraft:soul_sand":88,"minecraft:book":61,"minecraft:oak_slab":9,"minecraft:emerald_block":1,"minecraft:pumpkin":12,"minecraft:heavy_core":1,"minecraft:stone_brick_slab":21,"minecraft:quartz":79,"minecraft:dandelion":34,"minecraft:dripstone_block":27,"minecraft:amethyst_shard":32,"minecraft:blast_furnace":6,"minecraft:white_bed":14,"minecraft:spider_eye":16,"minecraft:iron_helmet":4,"minecraft:damaged_anvil":1,"minecraft:black_wool":1,"minecraft:chiseled_tuff_bricks":2,"minecraft:coal":467},"minecraft:killed_by":{"minecraft:zombie":1,"minecraft:stray":1,"minecraft:player":1}},"DataVersion":3955}