{"stats":{"minecraft:broken":{"minecraft:diamond_helmet":1,"minecraft:iron_chestplate":1,"minecraft:iron_leggings":1,"minecraft:diamond_shovel":2,"minecraft:diamond_pickaxe":1,"minecraft:iron_sword":2,"minecraft:shield":3,"minecraft:iron_axe":2,"minecraft:iron_pickaxe":1,"minecraft:iron_shovel":1,"minecraft:diamond_chestplate":1},"minecraft:custom":{"minecraft:interact_with_crafting_table":276,"minecraft:open_barrel":20,"minecraft:bell_ring":101,"minecraft:leave_game":72,"minecraft:time_since_death":427842,"minecraft:damage_blocked_by_shield":9351,"minecraft:play_time":1508927,"minecraft:deaths":7,"minecraft:jump":27004,"minecraft:enchant_item":26,"minecraft:interact_with_furnace":146,"minecraft:traded_with_villager":800,"minecraft:interact_with_cartography_table":1,"minecraft:sleep_in_bed":74,"minecraft:damage_dealt":100106,"minecraft:interact_with_smoker":101,"minecraft:use_cauldron":25,"minecraft:inspect_dispenser":8,"minecraft:interact_with_smithing_table":10,"minecraft:interact_with_anvil":33,"minecraft:inspect_hopper":4,"minecraft:sneak_time":148853,"minecraft:interact_with_blast_furnace":101,"minecraft:total_world_time":1508927,"minecraft:interact_with_stonecutter":3,"minecraft:time_since_rest":33034,"minecraft:swim_one_cm":597429,"minecraft:fly_one_cm":4909801,"minecraft:open_chest":1849,"minecraft:fall_one_cm":731414,"minecraft:animals_bred":2,"minecraft:sprint_one_cm":4866727,"minecraft:drop":776,"minecraft:talked_to_villager":623,"minecraft:interact_with_brewingstand":20,"minecraft:walk_on_water_one_cm":251758,"minecraft:player_kills":1,"minecraft:crouch_one_cm":542279,"minecraft:mob_kills":791,"minecraft:fill_cauldron":1,"minecraft:climb_one_cm":33250,"minecraft:walk_one_cm":3274558,"minecraft:raid_win":3,"minecraft:walk_under_water_one_cm":186677,"minecraft:boat_one_cm":256795,"minecraft:raid_trigger":3,"minecraft:interact_with_grindstone":21,"minecraft:damage_taken":28379,"minecraft:damage_absorbed":360},"minecraft:used":{"minecraft:chest":28,"minecraft:stone":107,"minecraft:soul_sand":21,"minecraft:spruce_boat":14,"minecraft:packed_ice":1,"minecraft:lava_bucket":37,"minecraft:bow":190,"minecraft:ominous_bottle":5,"minecraft:sweet_berries":1,"minecraft:oak_sapling":4,"minecraft:furnace":9,"minecraft:egg":9,"minecraft:potato":670,"minecraft:blackstone":9,"minecraft:wooden_pickaxe":50,"minecraft:composter":5,"minecraft:golden_apple":9,"minecraft:blast_furnace":11,"minecraft:stone_button":1,"minecraft:lectern":133,"minecraft:chiseled_tuff_bricks":2,"minecraft:diamond_sword":527,"minecraft:smithing_table":3,"minecraft:oak_boat":8,"minecraft:enchanting_table":1,"minecraft:armor_stand":3,"minecraft:cooked_salmon":51,"minecraft:trial_key":19,"minecraft:netherrack":78,"minecraft:torch":519,"minecraft:brewing_stand":1,"minecraft:anvil":2,"minecraft:iron_axe":973,"minecraft:diamond_chestplate":3,"minecraft:basalt":141,"minecraft:acacia_planks":4,"minecraft:cobbled_deepslate":77,"minecraft:pointed_dripstone":19,"minecraft:golden_axe":21,"minecraft:water_bucket":90,"minecraft:cartography_table":1,"minecraft:cauldron":23,"minecraft:fletching_table":17,"minecraft:mossy_cobblestone":23,"minecraft:oak_slab":1,"minecraft:crafting_table":7,"minecraft:white_bed":17,"minecraft:spruce_log":40,"minecraft:oak_log":5,"minecraft:diamond_pickaxe":2723,"minecraft:ominous_trial_key":11,"minecraft:diamond_shovel":7629,"minecraft:wind_charge":38,"minecraft:iron_pickaxe":466,"minecraft:leather_helmet":1,"minecraft:spruce_trapdoor":33,"minecraft:spruce_sapling":149,"minecraft:cobblestone":581,"minecraft:potion":6,"minecraft:purple_bed":4,"minecraft:cooked_porkchop":13,"minecraft:kelp":12,"minecraft:diamond_leggings":5,"minecraft:iron_shovel":681,"minecraft:diamond_hoe":64,"minecraft:decorated_pot":1,"minecraft:shield":264,"minecraft:iron_sword":839,"minecraft:nether_wart":47,"minecraft:bell":1,"minecraft:iron_chestplate":3,"minecraft:mutton":4,"minecraft:nether_bricks":7,"minecraft:carrot":207,"minecraft:waxed_copper_grate":2,"minecraft:obsidian":2,"minecraft:honey_bottle":2,"minecraft:glass":2,"minecraft:warped_nylium":4,"minecraft:iron_helmet":3,"minecraft:stone_bricks":104,"minecraft:repeater":8,"minecraft:diamond_boots":6,"minecraft:stone_pickaxe":64,"minecraft:oak_planks":121,"minecraft:ender_pearl":2,"minecraft:diamond_axe":3530,"minecraft:blue_bed":6,"minecraft:shears":6,"minecraft:polished_tuff":3,"minecraft:redstone_torch":4,"minecraft:lever":5,"minecraft:mace":194,"minecraft:bread":64,"minecraft:gravel":78,"minecraft:grindstone":1,"minecraft:bone_meal":213,"minecraft:redstone":7,"minecraft:spruce_planks":42,"minecraft:stone_hoe":15,"minecraft:cooked_chicken":5,"minecraft:oak_door":7,"minecraft:dirt":6796,"minecraft:hopper":10,"minecraft:diamond_helmet":3,"minecraft:granite":3,"minecraft:iron_hoe":204,"minecraft:stone_brick_slab":18,"minecraft:bookshelf":16,"minecraft:oak_stairs":6,"minecraft:iron_boots":1,"minecraft:golden_carrot":4,"minecraft:cooked_beef":19,"minecraft:iron_leggings":2,"minecraft:cooked_mutton":6,"minecraft:glass_bottle":6,"minecraft:baked_potato":441,"minecraft:spruce_sign":6,"minecraft:cobblestone_slab":3,"minecraft:waxed_copper_block":1,"minecraft:smoker":10,"minecraft:piston":2,"minecraft:chicken":1,"minecraft:stone_slab":25,"minecraft:stone_axe":13,"minecraft:bucket":131,"minecraft:yellow_bed":7,"minecraft:splash_potion":9,"minecraft:smooth_stone":15},"minecraft:killed":{"minecraft:cave_spider":12,"minecraft:skeleton":201,"minecraft:chicken":2,"minecraft:magma_cube":126,"minecraft:salmon":79,"minecraft:iron_golem":2,"minecraft:pillager":15,"minecraft:zombie":56,"minecraft:glow_squid":4,"minecraft:cow":14,"minecraft:vindicator":3,"minecraft:husk":14,"minecraft:ravager":4,"minecraft:breeze":15,"minecraft:enderman":2,"minecraft:zombified_piglin":1,"minecraft:spider":11,"minecraft:pig":1,"minecraft:creeper":7,"minecraft:sheep":7,"minecraft:stray":39,"minecraft:blaze":51,"minecraft:slime":30,"minecraft:wither_skeleton":10,"minecraft:villager":46},"minecraft:killed_by":{"minecraft:player":3,"minecraft:skeleton":2},"minecraft:dropped":{"minecraft:iron_sword":5,"minecraft:piston":2,"minecraft:short_grass":2,"minecraft:lapis_lazuli":4,"minecraft:cooked_beef":1,"minecraft:glass_bottle":9,"minecraft:diamond":3,"minecraft:crafting_table":1,"minecraft:crossbow":2,"minecraft:rail":2,"minecraft:leather_helmet":3,"minecraft:red_mushroom":5,"minecraft:emerald":149,"minecraft:dirt":25,"minecraft:stone_button":7,"minecraft:scrape_pottery_sherd":3,"minecraft:gold_nugget":4,"minecraft:bone_meal":3,"minecraft:sand":6,"minecraft:sugar":2,"minecraft:iron_pickaxe":5,"minecraft:white_wool":6,"minecraft:bone":191,"minecraft:sugar_cane":1,"minecraft:cooked_chicken":12,"minecraft:golden_chestplate":1,"minecraft:cobbled_deepslate":221,"minecraft:wheat":6,"minecraft:obsidian":1,"minecraft:rotten_flesh":134,"minecraft:oak_planks":3,"minecraft:azure_bluet":12,"minecraft:white_bed":1,"minecraft:waxed_copper_block":2,"minecraft:tipped_arrow":130,"minecraft:coal_ore":12,"minecraft:leather_leggings":1,"minecraft:spruce_slab":3,"minecraft:glass":2,"minecraft:beef":4,"minecraft:warped_wart_block":3,"minecraft:egg":5,"minecraft:enchanted_book":13,"minecraft:golden_boots":1,"minecraft:iron_ingot":16,"minecraft:wheat_seeds":343,"minecraft:dripstone_block":25,"minecraft:iron_helmet":5,"minecraft:feather":2,"minecraft:cobblestone":74,"minecraft:waxed_copper_grate":8,"minecraft:granite":119,"minecraft:spruce_button":1,"minecraft:coal":20,"minecraft:golden_apple":12,"minecraft:oxeye_daisy":1,"minecraft:wooden_axe":1,"minecraft:cooked_salmon":47,"minecraft:diamond_helmet":1,"minecraft:potion":4,"minecraft:armadillo_scute":12,"minecraft:white_banner":9,"minecraft:smooth_stone":22,"minecraft:iron_shovel":2,"minecraft:string":61,"minecraft:acacia_planks":3,"minecraft:spruce_sapling":7,"minecraft:deepslate":31,"minecraft:iron_boots":3,"minecraft:shears":1,"minecraft:diamond_sword":1,"minecraft:potato":115,"minecraft:cobblestone_slab":3,"minecraft:shroomlight":1,"minecraft:spruce_boat":2,"minecraft:stone":236,"minecraft:flower_pot":3,"minecraft:spruce_trapdoor":1,"minecraft:spruce_planks":1114,"minecraft:diamond_pickaxe":3,"minecraft:spider_eye":3,"minecraft:stone_bricks":1,"minecraft:bow":13,"minecraft:magma_block":2,"minecraft:diamond_axe":2,"minecraft:baked_potato":7,"minecraft:decorated_pot":31,"minecraft:leather":2,"minecraft:mace":3,"minecraft:waxed_oxidized_chiseled_copper":2,"minecraft:cornflower":12,"minecraft:mutton":3,"minecraft:gold_ingot":3,"minecraft:gravel":3,"minecraft:blackstone":1,"minecraft:yellow_wool":5,"minecraft:pointed_dripstone":1,"minecraft:diamond_shovel":2,"minecraft:carrot":314,"minecraft:poppy":21,"minecraft:gunpowder":8,"minecraft:chainmail_boots":3,"minecraft:iron_ore":5,"minecraft:basalt":1,"minecraft:arrow":64,"minecraft:water_bucket":1,"minecraft:bread":33,"minecraft:golden_helmet":1,"minecraft:deepslate_iron_ore":9,"minecraft:diamond_leggings":4,"minecraft:poisonous_potato":5,"minecraft:polished_tuff":12,"minecraft:amethyst_block":2,"minecraft:ominous_trial_key":3,"minecraft:grass_block":1,"minecraft:stick":509,"minecraft:diorite":42,"minecraft:torch":94,"minecraft:iron_leggings":6,"minecraft:iron_axe":9,"minecraft:flow_banner_pattern":1,"minecraft:bucket":5,"minecraft:smooth_basalt":2,"minecraft:dandelion":65,"minecraft:redstone":5,"minecraft:tuff_bricks":6,"minecraft:flow_pottery_sherd":1,"minecraft:nether_wart":1,"minecraft:blaze_rod":7,"minecraft:raw_copper":6,"minecraft:tuff":6,"minecraft:guster_banner_pattern":1,"minecraft:raw_iron":16,"minecraft:light_gray_wool":2,"minecraft:iron_hoe":2,"minecraft:flint_and_steel":1,"minecraft:shield":5,"minecraft:trial_key":7,"minecraft:diamond_chestplate":1,"minecraft:iron_chestplate":13,"minecraft:andesite":38,"minecraft:golden_leggings":1,"minecraft:oak_sapling":15,"minecraft:diamond_boots":5,"minecraft:spruce_log":131,"minecraft:wooden_pickaxe":6,"minecraft:raw_gold":9,"minecraft:calcite":2,"minecraft:waxed_oxidized_copper_grate":6,"minecraft:brick":71},"minecraft:mined":{"minecraft:white_bed":23,"minecraft:obsidian":7,"minecraft:granite":46,"minecraft:acacia_log":9,"minecraft:chiseled_tuff_bricks":5,"minecraft:nether_wart":57,"minecraft:oxeye_daisy":1,"minecraft:tall_seagrass":2,"minecraft:magma_block":3,"minecraft:cobbled_deepslate":13,"minecraft:fire":9,"minecraft:barrel":2,"minecraft:pumpkin":10,"minecraft:fletching_table":14,"minecraft:water_cauldron":4,"minecraft:dirt_path":367,"minecraft:oak_stairs":323,"minecraft:small_amethyst_bud":3,"minecraft:brown_mushroom":3,"minecraft:kelp_plant":3,"minecraft:smoker":5,"minecraft:amethyst_cluster":3,"minecraft:powder_snow":5,"minecraft:torch":62,"minecraft:blast_furnace":5,"minecraft:sugar_cane":19,"minecraft:white_terracotta":43,"minecraft:mud":3,"minecraft:wheat":16,"minecraft:waxed_copper_block":5,"minecraft:pumpkin_stem":2,"minecraft:deepslate":404,"minecraft:mossy_cobblestone":29,"minecraft:nether_bricks":8,"minecraft:redstone_wire":2,"minecraft:kelp":3,"minecraft:redstone_ore":2,"minecraft:waxed_copper_grate":6,"minecraft:andesite":45,"minecraft:chiseled_tuff":1,"minecraft:potatoes":522,"minecraft:cobblestone_slab":3,"minecraft:potted_spruce_sapling":2,"minecraft:bone_block":1,"minecraft:white_wool":3,"minecraft:smithing_table":3,"minecraft:oak_slab":16,"minecraft:glass_pane":22,"minecraft:soul_sand":20,"minecraft:stone_brick_slab":18,"minecraft:dandelion":9,"minecraft:cornflower":3,"minecraft:short_grass":706,"minecraft:tall_grass":71,"minecraft:deepslate_gold_ore":79,"minecraft:diorite":48,"minecraft:warped_wart_block":3,"minecraft:purple_bed":3,"minecraft:cobblestone_wall":9,"minecraft:spruce_log":2498,"minecraft:gravel":101,"minecraft:dripstone_block":10,"minecraft:cobweb":3,"minecraft:acacia_planks":13,"minecraft:stone_bricks":88,"minecraft:fern":3,"minecraft:spruce_planks":27,"minecraft:oak_sapling":3,"minecraft:farmland":1,"minecraft:cobblestone_stairs":7,"minecraft:brewing_stand":1,"minecraft:spruce_trapdoor":11,"minecraft:budding_amethyst":1,"minecraft:grass_block":3731,"minecraft:composter":5,"minecraft:tuff_bricks":19,"minecraft:smooth_stone":6,"minecraft:glowstone":8,"minecraft:iron_ore":143,"minecraft:polished_tuff":6,"minecraft:azure_bluet":2,"minecraft:pointed_dripstone":76,"minecraft:deepslate_redstone_ore":110,"minecraft:blackstone":10,"minecraft:medium_amethyst_bud":1,"minecraft:clay":1,"minecraft:poppy":1,"minecraft:chest":10,"minecraft:nether_quartz_ore":2,"minecraft:cobblestone":393,"minecraft:oak_planks":377,"minecraft:wall_torch":100,"minecraft:cauldron":21,"minecraft:seagrass":2,"minecraft:warped_nylium":3,"minecraft:lapis_block":1,"minecraft:yellow_wool":3,"minecraft:stripped_oak_wood":2,"minecraft:oak_log":167,"minecraft:beetroots":1,"minecraft:waxed_oxidized_copper":1,"minecraft:sand":11,"minecraft:dirt":4287,"minecraft:netherrack":92,"minecraft:oak_leaves":43,"minecraft:tuff":14,"minecraft:deepslate_diamond_ore":34,"minecraft:oak_door":10,"minecraft:glow_lichen":2,"minecraft:ladder":1,"minecraft:decorated_pot":64,"minecraft:spruce_leaves":94,"minecraft:large_fern":3,"minecraft:hay_block":24,"minecraft:oak_trapdoor":12,"minecraft:spruce_sapling":10,"minecraft:furnace":9,"minecraft:carrots":207,"minecraft:stripped_spruce_log":6,"minecraft:bookshelf":11,"minecraft:deepslate_iron_ore":81,"minecraft:shroomlight":1,"minecraft:stripped_oak_log":40,"minecraft:packed_ice":1,"minecraft:stone":818,"minecraft:redstone_wall_torch":2,"minecraft:podzol":3,"minecraft:acacia_leaves":4,"minecraft:basalt":186,"minecraft:oak_fence":24,"minecraft:crafting_table":5,"minecraft:lectern":141,"minecraft:stone_slab":9,"minecraft:blue_bed":7,"minecraft:cactus":1,"minecraft:waxed_oxidized_copper_grate":4,"minecraft:yellow_bed":8,"minecraft:coal_ore":245,"minecraft:flower_pot":1,"minecraft:mossy_stone_bricks":1},"minecraft:crafted":{"minecraft:smooth_stone":18,"minecraft:blaze_powder":2,"minecraft:lever":2,"minecraft:diamond_shovel":4,"minecraft:bookshelf":15,"minecraft:cooked_mutton":6,"minecraft:mace":1,"minecraft:glass":10,"minecraft:repeater":8,"minecraft:diamond_helmet":3,"minecraft:diamond_leggings":3,"minecraft:glass_bottle":6,"minecraft:emerald":759,"minecraft:cooked_porkchop":12,"minecraft:diamond_axe":1,"minecraft:fletching_table":8,"minecraft:lectern":1,"minecraft:stone_slab":18,"minecraft:iron_pickaxe":2,"minecraft:iron_block":45,"minecraft:gold_ingot":65,"minecraft:diamond_hoe":1,"minecraft:bone_meal":183,"minecraft:diamond":99,"minecraft:stone_pickaxe":1,"minecraft:diamond_boots":5,"minecraft:spruce_boat":6,"minecraft:redstone_block":87,"minecraft:wheat":243,"minecraft:coal_block":24,"minecraft:enchanting_table":1,"minecraft:leather_helmet":1,"minecraft:enchanted_book":18,"minecraft:golden_apple":6,"minecraft:fermented_spider_eye":4,"minecraft:chainmail_boots":3,"minecraft:iron_shovel":1,"minecraft:iron_leggings":2,"minecraft:white_bed":2,"minecraft:grindstone":1,"minecraft:oak_planks":132,"minecraft:cobblestone_slab":6,"minecraft:cooked_chicken":1,"minecraft:hopper":9,"minecraft:stone_brick_slab":18,"minecraft:iron_boots":3,"minecraft:chest":25,"minecraft:stone_hoe":1,"minecraft:stone_bricks":8,"minecraft:smoker":3,"minecraft:oak_slab":6,"minecraft:cauldron":1,"minecraft:crafting_table":4,"minecraft:spruce_planks":9936,"minecraft:wooden_pickaxe":1,"minecraft:baked_potato":278,"minecraft:iron_helmet":3,"minecraft:gold_block":25,"minecraft:brewing_stand":1,"minecraft:spruce_trapdoor":26,"minecraft:book":1,"minecraft:iron_chestplate":9,"minecraft:diamond_pickaxe":4,"minecraft:emerald_block":56,"minecraft:shield":5,"minecraft:stick":18841,"minecraft:iron_ingot":615,"minecraft:redstone_torch":18,"minecraft:shears":1,"minecraft:blast_furnace":5,"minecraft:stone_button":1,"minecraft:furnace":7,"minecraft:piston":2,"minecraft:diamond_block":23,"minecraft:iron_axe":3,"minecraft:iron_hoe":1,"minecraft:cooked_beef":12,"minecraft:sugar":6,"minecraft:diamond_sword":1,"minecraft:spruce_sign":6,"minecraft:iron_sword":4,"minecraft:cooked_salmon":76,"minecraft:bucket":23,"minecraft:stone_axe":1,"minecraft:air":0,"minecraft:bread":81,"minecraft:anvil":2,"minecraft:acacia_planks":18,"minecraft:torch":216,"minecraft:diamond_chestplate":2},"minecraft:picked_up":{"minecraft:iron_chestplate":6,"minecraft:flower_pot":3,"minecraft:diamond_sword":6,"minecraft:lead":8,"minecraft:smithing_table":3,"minecraft:stone_slab":8,"minecraft:oak_stairs":378,"minecraft:enchanted_book":19,"minecraft:brewing_stand":1,"minecraft:amethyst_block":2,"minecraft:string":56,"minecraft:cooked_salmon":53,"minecraft:shroomlight":1,"minecraft:beetroot":1,"minecraft:diamond_leggings":5,"minecraft:cobbled_deepslate":389,"minecraft:spruce_planks":612,"minecraft:trial_key":30,"minecraft:enchanted_golden_apple":3,"minecraft:golden_helmet":1,"minecraft:composter":5,"minecraft:acacia_log":9,"minecraft:waxed_copper_grate":10,"minecraft:golden_chestplate":1,"minecraft:cauldron":25,"minecraft:honey_bottle":1,"minecraft:armadillo_scute":11,"minecraft:glowstone":9,"minecraft:bookshelf":2,"minecraft:white_terracotta":39,"minecraft:blaze_rod":28,"minecraft:magma_block":2,"minecraft:feather":3,"minecraft:cooked_beef":11,"minecraft:water_bucket":7,"minecraft:smoker":4,"minecraft:flint":15,"minecraft:map":2,"minecraft:guster_banner_pattern":2,"minecraft:diamond_helmet":5,"minecraft:warped_wart_block":6,"minecraft:stripped_spruce_log":6,"minecraft:iron_hoe":1,"minecraft:deepslate":43,"minecraft:lever":3,"minecraft:granite":122,"minecraft:bread":20,"minecraft:music_disc_precipice":1,"minecraft:ominous_trial_key":10,"minecraft:diamond_pickaxe":11,"minecraft:crafting_table":6,"minecraft:ominous_bottle":8,"minecraft:nether_wart":97,"minecraft:music_disc_creator":2,"minecraft:wind_charge":92,"minecraft:cornflower":8,"minecraft:flow_banner_pattern":1,"minecraft:white_carpet":4,"minecraft:compass":1,"minecraft:iron_shovel":2,"minecraft:glass_pane":21,"minecraft:cartography_table":1,"minecraft:beef":25,"minecraft:poppy":16,"minecraft:spruce_slab":8,"minecraft:guster_pottery_sherd":1,"minecraft:chest":11,"minecraft:piston":2,"minecraft:egg":16,"minecraft:stone":495,"minecraft:oak_door":30,"minecraft:flow_pottery_sherd":1,"minecraft:mace":3,"minecraft:carrot":749,"minecraft:redstone":679,"minecraft:waxed_oxidized_chiseled_copper":2,"minecraft:diamond_chestplate":5,"minecraft:decorated_pot":32,"minecraft:beetroot_seeds":3,"minecraft:shears":2,"minecraft:diamond_boots":7,"minecraft:hay_block":27,"minecraft:flow_armor_trim_smithing_template":3,"minecraft:gold_ingot":120,"minecraft:tuff_bricks":12,"minecraft:mutton":11,"minecraft:white_wool":14,"minecraft:bone_block":1,"minecraft:rail":2,"minecraft:oxeye_daisy":1,"minecraft:stripped_oak_log":39,"minecraft:red_mushroom":6,"minecraft:oak_log":202,"minecraft:blue_bed":8,"minecraft:paper":5,"minecraft:white_banner":10,"minecraft:stone_bricks":248,"minecraft:kelp":33,"minecraft:glass_bottle":5,"minecraft:iron_sword":5,"minecraft:smooth_basalt":2,"minecraft:gravel":94,"minecraft:spruce_sapling":193,"minecraft:spruce_log":2667,"minecraft:polished_tuff":18,"minecraft:leather_helmet":2,"minecraft:diamond_shovel":6,"minecraft:purple_bed":4,"minecraft:coal_ore":12,"minecraft:slime_ball":14,"minecraft:short_grass":2,"minecraft:diamond_axe":9,"minecraft:baked_potato":388,"minecraft:warped_nylium":4,"minecraft:ender_pearl":7,"minecraft:wheat":6,"minecraft:yellow_wool":8,"minecraft:potion":7,"minecraft:lapis_block":1,"minecraft:raw_copper":6,"minecraft:iron_leggings":7,"minecraft:armor_stand":2,"minecraft:smooth_stone":6,"minecraft:bucket":4,"minecraft:redstone_torch":2,"minecraft:cobblestone_slab":3,"minecraft:calcite":2,"minecraft:iron_pickaxe":5,"minecraft:deepslate_iron_ore":9,"minecraft:iron_boots":2,"minecraft:furnace":9,"minecraft:tipped_arrow":139,"minecraft:stick":4489,"minecraft:oak_fence":30,"minecraft:torch":751,"minecraft:porkchop":5,"minecraft:pointed_dripstone":132,"minecraft:diorite":56,"minecraft:cactus":2,"minecraft:rotten_flesh":88,"minecraft:obsidian":9,"minecraft:cobblestone":1359,"minecraft:magma_cream":9,"minecraft:andesite":45,"minecraft:golden_leggings":1,"minecraft:potato":1824,"minecraft:tuff":30,"minecraft:dirt":9129,"minecraft:lapis_lazuli":117,"minecraft:name_tag":4,"minecraft:leather_boots":1,"minecraft:glass":1,"minecraft:bone":429,"minecraft:acacia_planks":16,"minecraft:bow":23,"minecraft:wheat_seeds":295,"minecraft:raw_gold":214,"minecraft:bell":2,"minecraft:bolt_armor_trim_smithing_template":3,"minecraft:fletching_table":11,"minecraft:scrape_pottery_sherd":3,"minecraft:oak_planks":412,"minecraft:cooked_porkchop":16,"minecraft:oak_pressure_plate":1,"minecraft:poisonous_potato":5,"minecraft:sand":16,"minecraft:grass_block":3,"minecraft:diamond_block":1,"minecraft:mossy_cobblestone":27,"minecraft:yellow_carpet":4,"minecraft:diamond":100,"minecraft:spruce_boat":14,"minecraft:waxed_oxidized_copper_grate":10,"minecraft:breeze_rod":44,"minecraft:bone_meal":5,"minecraft:golden_apple":36,"minecraft:emerald":334,"minecraft:oak_sapling":10,"minecraft:netherrack":78,"minecraft:waxed_oxidized_cut_copper":1,"minecraft:azure_bluet":6,"minecraft:chicken":1,"minecraft:brown_mushroom":13,"minecraft:packed_ice":1,"minecraft:wooden_pickaxe":4,"minecraft:brick":78,"minecraft:shield":9,"minecraft:oak_trapdoor":12,"minecraft:iron_axe":10,"minecraft:blackstone":9,"minecraft:oak_boat":8,"minecraft:light_gray_wool":2,"minecraft:lectern":132,"minecraft:sugar_cane":38,"minecraft:spruce_trapdoor":10,"minecraft:raw_iron":462,"minecraft:arrow":641,"minecraft:nether_bricks":7,"minecraft:saddle":5,"minecraft:basalt":149,"minecraft:golden_carrot":4,"minecraft:glow_ink_sac":15,"minecraft:salmon":79,"minecraft:leather":14,"minecraft:waxed_copper_block":3,"minecraft:cobblestone_stairs":7,"minecraft:gunpowder":10,"minecraft:yellow_bed":10,"minecraft:cobblestone_wall":9,"minecraft:iron_ingot":86,"minecraft:cooked_chicken":21,"minecraft:stripped_oak_wood":2,"minecraft:acacia_sapling":1,"minecraft:soul_sand":100,"minecraft:book":40,"minecraft:oak_slab":34,"minecraft:emerald_block":3,"minecraft:nether_quartz_ore":2,"minecraft:pumpkin":22,"minecraft:heavy_core":1,"minecraft:stone_brick_slab":16,"minecraft:dandelion":49,"minecraft:dripstone_block":23,"minecraft:amethyst_shard":16,"minecraft:blast_furnace":5,"minecraft:white_bed":23,"minecraft:spider_eye":5,"minecraft:pumpkin_seeds":3,"minecraft:iron_helmet":5,"minecraft:chiseled_tuff_bricks":2,"minecraft:coal":787}},"DataVersion":3955}